Fila_N,Titulo,Descripcion
3,CRM,"Servicios para la implementación de productos del CRM Salesforce. Especializados en consultoría y despliegue de las nubes de: Sales Cloud, Service Cloud, Community y Marketing Cloud."
4,ERP,"Consultoría para la  implementación y migración de soluciones del portafolio de servicios SAP, para la optimización de procesos empresariales."
5,HYPER AUTOMATION,"Automatiza para escalar con eficiencia. Optimizamos procesos empresariales mediante la digitalización de tareas de campo, la automatización robótica de procesos (RPA) y la orquestación de plataformas. Nuestras soluciones integran personas, sistemas y flujos de trabajo en armonía, mejorando la productividad sin sacrificar el control ni la seguridad operativa."
6,"DATA, INFORMATION & AI","Transforma tus datos en decisiones inteligentes. Impulsamos la evolución digital con soluciones de datos, inteligencia artificial y automatización. Nuestro portafolio incluye estrategias de Data Governance, bots conversacionales con IA, modelos predictivos para mitigar riesgos y agentes autónomos para atención al cliente. Integrar estas tecnologías permite mejorar la experiencia del usuario, reducir costos operativos y aumentar la competitividad empresarial."
7,TESTING FACTORY,"Calidad garantizada para un desarrollo sin errores. Nuestra Testing Factory ofrece un enfoque automatizado, escalable y continuo para asegurar la funcionalidad, rendimiento y seguridad de tus aplicaciones. Utilizamos herramientas líderes del mercado para ejecutar pruebas integrales que garantizan entregas más rápidas y con mayor confiabilidad, enfocándonos en la experiencia del usuario final."
8,SOFTWARE DEVELOPMENT,"Desarrollo de software a la medida con enfoque en innovación. Diseñamos soluciones tecnológicas personalizadas mediante metodologías ágiles, DevOps e inteligencia artificial. Utilizamos herramientas líderes como GitHub Copilot para acelerar la codificación y optimizar resultados. Creamos plataformas robustas, escalables y seguras que responden a los desafíos digitales actuales."
9,IoT & EDGE SOLUTIONS,"Decisiones en tiempo real desde el borde.
 Integra infraestructura IoT, analítica avanzada y procesamiento en el edge para optimizar operaciones, mejorar trazabilidad y reducir el consumo energético. Impulsa la eficiencia en industrias críticas con soluciones de última generación."
10,IMPLEMENTATION OF BUSINESS SOLUTIONS (ERP/CRM),"Soluciones empresariales que escalan contigo. Implementamos ERP y CRM con IA integrada para automatizar procesos, conectar operaciones en tiempo real y reducir costos. Desde SAP hasta Salesforce, diseñamos ventajas competitivas para el futuro."
11,CLOUD SERVICES,"La nube como motor de transformación.
Moderniza tus aplicaciones, migra a entornos multi-nube y opera con agilidad empresarial. Nuestros servicios cloud habilitan innovación continua con soporte experto, observabilidad y foco en el negocio.."
12,AMS & OBSERVABILITY,"Visibilidad total para una operación sin interrupciones.
 Integra servicios de gestión de aplicaciones con observabilidad avanzada para detectar anomalías, optimizar el rendimiento y traducir métricas en decisiones estratégicas"
13,OMNICHANNEL SOLUTIONS,"Una sola experiencia, todos los canales.
Diseñamos ecosistemas omnicanal que integran voz, chat, redes sociales y más con IA conversacional y automatización. Mejora la atención, fideliza clientes y convierte cada interacción en valor."
14,AI – COMPUTER VISION,"Ve más allá: IA que interpreta tu entorno.
Aplicamos visión por computadora para seguridad, calidad, autenticación y análisis de multitudes. Anticipa riesgos, optimiza procesos y transforma entornos físicos en datos accionables."
15,CROSS INDUSTRY SOLUTIONS,"Una sola tecnología, infinitas industrias. Creamos plataformas escalables que se adaptan a múltiples sectores: manufactura, salud, retail, ciudades inteligentes y más. Nuestras soluciones integran IA, automatización y analítica para maximizar el ROI en cada operación."
16,CYBERSECURITY,"Protege tu operación, asegura tu futuro.  Diseñamos estrategias de ciberseguridad Zero-Trust que integran monitoreo continuo, detección proactiva de amenazas y respuesta automatizada. Protege tus datos, aplicaciones y redes con soluciones adaptadas a cada entorno empresarial."
17,INTEGRAL CONNECTIVITY,"Conectividad privada que transforma tu negocio.  Creamos redes privadas LTE/5G y soluciones de conectividad celular de alta disponibilidad junto a nuestros aliados estratégicos. Asegura una infraestructura confiable, escalable y segura para habilitar tus operaciones críticas, desde la planta hasta la nube."
